<ImportExportXml version="9.2.21104.132" SolutionPackageVersion="9.2" languagecode="1033" generatedBy="CrmLive" xmlns:xsi="http://www.w3.org/2001/XMLSchema-instance">
  <SolutionManifest>
    <UniqueName>DCRMConfiguration</UniqueName>
    <LocalizedNames>
      <LocalizedName description="DCRM : Configuration" languagecode="1033" />
    </LocalizedNames>
    <Descriptions />
    <Version>1.0.0.1</Version>
    <Managed>0</Managed>
    <Publisher>
      <UniqueName>dcrmtechassignment</UniqueName>
      <LocalizedNames>
        <LocalizedName description="DCRM Tech Assignment" languagecode="1033" />
      </LocalizedNames>
      <Descriptions />
      <EMailAddress xsi:nil="true"></EMailAddress>
      <SupportingWebsiteUrl xsi:nil="true"></SupportingWebsiteUrl>
      <CustomizationPrefix>dcrm</CustomizationPrefix>
      <CustomizationOptionValuePrefix>27206</CustomizationOptionValuePrefix>
      <Addresses>
        <Address>
          <AddressNumber>1</AddressNumber>
          <AddressTypeCode>1</AddressTypeCode>
          <City xsi:nil="true"></City>
          <County xsi:nil="true"></County>
          <Country xsi:nil="true"></Country>
          <Fax xsi:nil="true"></Fax>
          <FreightTermsCode xsi:nil="true"></FreightTermsCode>
          <ImportSequenceNumber xsi:nil="true"></ImportSequenceNumber>
          <Latitude xsi:nil="true"></Latitude>
          <Line1 xsi:nil="true"></Line1>
          <Line2 xsi:nil="true"></Line2>
          <Line3 xsi:nil="true"></Line3>
          <Longitude xsi:nil="true"></Longitude>
          <Name xsi:nil="true"></Name>
          <PostalCode xsi:nil="true"></PostalCode>
          <PostOfficeBox xsi:nil="true"></PostOfficeBox>
          <PrimaryContactName xsi:nil="true"></PrimaryContactName>
          <ShippingMethodCode>1</ShippingMethodCode>
          <StateOrProvince xsi:nil="true"></StateOrProvince>
          <Telephone1 xsi:nil="true"></Telephone1>
          <Telephone2 xsi:nil="true"></Telephone2>
          <Telephone3 xsi:nil="true"></Telephone3>
          <TimeZoneRuleVersionNumber xsi:nil="true"></TimeZoneRuleVersionNumber>
          <UPSZone xsi:nil="true"></UPSZone>
          <UTCOffset xsi:nil="true"></UTCOffset>
          <UTCConversionTimeZoneCode xsi:nil="true"></UTCConversionTimeZoneCode>
        </Address>
        <Address>
          <AddressNumber>2</AddressNumber>
          <AddressTypeCode>1</AddressTypeCode>
          <City xsi:nil="true"></City>
          <County xsi:nil="true"></County>
          <Country xsi:nil="true"></Country>
          <Fax xsi:nil="true"></Fax>
          <FreightTermsCode xsi:nil="true"></FreightTermsCode>
          <ImportSequenceNumber xsi:nil="true"></ImportSequenceNumber>
          <Latitude xsi:nil="true"></Latitude>
          <Line1 xsi:nil="true"></Line1>
          <Line2 xsi:nil="true"></Line2>
          <Line3 xsi:nil="true"></Line3>
          <Longitude xsi:nil="true"></Longitude>
          <Name xsi:nil="true"></Name>
          <PostalCode xsi:nil="true"></PostalCode>
          <PostOfficeBox xsi:nil="true"></PostOfficeBox>
          <PrimaryContactName xsi:nil="true"></PrimaryContactName>
          <ShippingMethodCode>1</ShippingMethodCode>
          <StateOrProvince xsi:nil="true"></StateOrProvince>
          <Telephone1 xsi:nil="true"></Telephone1>
          <Telephone2 xsi:nil="true"></Telephone2>
          <Telephone3 xsi:nil="true"></Telephone3>
          <TimeZoneRuleVersionNumber xsi:nil="true"></TimeZoneRuleVersionNumber>
          <UPSZone xsi:nil="true"></UPSZone>
          <UTCOffset xsi:nil="true"></UTCOffset>
          <UTCConversionTimeZoneCode xsi:nil="true"></UTCConversionTimeZoneCode>
        </Address>
      </Addresses>
    </Publisher>
    <RootComponents>
      <RootComponent type="1" schemaName="account" behavior="2" />
      <RootComponent type="1" schemaName="contact" behavior="1" />
      <RootComponent type="1" schemaName="dcrm_assistant" behavior="0" />
      <RootComponent type="29" id="{fe46d564-cfe4-463e-95fa-bb75cd7a41d6}" behavior="0" />
      <RootComponent type="61" schemaName="dcrm_accountLibrary" behavior="0" />
      <RootComponent type="61" schemaName="dcrm_AssistantLibrary.js" behavior="0" />
      <RootComponent type="91" id="{c78ea7cc-379f-48b5-a6a9-c352ba752c81}" schemaName="DCRM.Account.RestrictDuplicatecreation.Plugin, Version=1.0.0.0, Culture=neutral, PublicKeyToken=dced023aeaab784d" behavior="0" />
    </RootComponents>
    <MissingDependencies>
      <MissingDependency>
        <Required type="1" schemaName="entitlement" displayName="Entitlement" solution="msdynce_Service (9.0.5.56)" />
        <Dependent type="60" displayName="DCRM: Contact" parentDisplayName="Contact" id="{ad412c80-080a-42df-b305-a244ec50eb90}" />
      </MissingDependency>
      <MissingDependency>
        <Required type="1" schemaName="incident" displayName="Case" solution="msdynce_Service (9.0.5.56)" />
        <Dependent type="60" displayName="DCRM: Contact" parentDisplayName="Contact" id="{ad412c80-080a-42df-b305-a244ec50eb90}" />
      </MissingDependency>
      <MissingDependency>
        <Required type="1" schemaName="opportunity" displayName="Opportunity" solution="msdynce_Sales (9.0.4.0076)" />
        <Dependent type="60" displayName="DCRM: Contact" parentDisplayName="Contact" id="{ad412c80-080a-42df-b305-a244ec50eb90}" />
      </MissingDependency>
      <MissingDependency>
        <Required type="2" schemaName="businesscard" displayName="Business Card" parentSchemaName="contact" parentDisplayName="Contact" solution="msdynce_SalesPatch201904 (9.0.1912.1007)" />
        <Dependent type="60" displayName="DCRM: Contact Quick Create" parentDisplayName="Contact" id="{0adbc6bd-918b-43b3-b165-fe719f48790d}" />
      </MissingDependency>
      <MissingDependency>
        <Required type="2" schemaName="businesscard" displayName="Business Card" parentSchemaName="contact" parentDisplayName="Contact" solution="msdynce_SalesPatch201904 (9.0.1912.1007)" />
        <Dependent type="60" displayName="DCRM: Contact" parentDisplayName="Contact" id="{ad412c80-080a-42df-b305-a244ec50eb90}" />
      </MissingDependency>
      <MissingDependency>
        <Required type="2" schemaName="businesscardattributes" displayName="BusinessCardAttributes" parentSchemaName="contact" parentDisplayName="Contact" solution="msdynce_SalesPatch201904 (9.0.1912.1007)" />
        <Dependent type="60" displayName="DCRM: Contact Quick Create" parentDisplayName="Contact" id="{0adbc6bd-918b-43b3-b165-fe719f48790d}" />
      </MissingDependency>
      <MissingDependency>
        <Required type="2" schemaName="businesscardattributes" displayName="BusinessCardAttributes" parentSchemaName="contact" parentDisplayName="Contact" solution="msdynce_SalesPatch201904 (9.0.1912.1007)" />
        <Dependent type="60" displayName="DCRM: Contact" parentDisplayName="Contact" id="{ad412c80-080a-42df-b305-a244ec50eb90}" />
      </MissingDependency>
      <MissingDependency>
        <Required type="2" schemaName="originatingleadid" displayName="Originating Lead" parentSchemaName="contact" parentDisplayName="Contact" solution="msdynce_LeadManagement (9.0.4.0066)" />
        <Dependent type="60" displayName="DCRM: Contact" parentDisplayName="Contact" id="{ad412c80-080a-42df-b305-a244ec50eb90}" />
      </MissingDependency>
      <MissingDependency>
        <Required type="26" schemaName="My Active Cases" displayName="My Active Cases" parentSchemaName="incident" parentDisplayName="Case" solution="msdynce_Service (9.0.5.56)" id="{00000000-0000-0000-00aa-000010001028}" />
        <Dependent type="60" displayName="DCRM: Contact" parentDisplayName="Contact" id="{ad412c80-080a-42df-b305-a244ec50eb90}" />
      </MissingDependency>
      <MissingDependency>
        <Required type="26" schemaName="My Open Opportunities" displayName="My Open Opportunities" parentSchemaName="opportunity" parentDisplayName="Opportunity" solution="msdynce_Sales (9.0.4.0076)" id="{00000000-0000-0000-00aa-000010003000}" />
        <Dependent type="60" displayName="DCRM: Contact" parentDisplayName="Contact" id="{ad412c80-080a-42df-b305-a244ec50eb90}" />
      </MissingDependency>
      <MissingDependency>
        <Required type="26" schemaName="All Accounts" displayName="All Accounts" parentSchemaName="account" parentDisplayName="Legal Entity" solution="msdynce_AppCommon (9.0.4.0066)" id="{65ffaf9a-e8c5-432d-860b-32f841b00d87}" />
        <Dependent type="26" schemaName="All Accounts" displayName="All Accounts" parentSchemaName="account" parentDisplayName="Legal Entity" id="{65ffaf9a-e8c5-432d-860b-32f841b00d87}" />
      </MissingDependency>
      <MissingDependency>
        <Required type="26" schemaName="Recent Opportunities" displayName="Recent Opportunities" parentSchemaName="opportunity" parentDisplayName="Opportunity" solution="msdynce_Sales (9.0.4.0076)" id="{9c3f7ee8-eca7-e211-9fb6-00155dd0ea05}" />
        <Dependent type="60" displayName="DCRM: Contact" parentDisplayName="Contact" id="{ad412c80-080a-42df-b305-a244ec50eb90}" />
      </MissingDependency>
      <MissingDependency>
        <Required type="26" schemaName="All Entitlements" displayName="All Entitlements" parentSchemaName="entitlement" parentDisplayName="Entitlement" solution="msdynce_Service (9.0.5.56)" id="{aa69e7e2-913a-4a5a-8609-8ca443554909}" />
        <Dependent type="60" displayName="DCRM: Contact" parentDisplayName="Contact" id="{ad412c80-080a-42df-b305-a244ec50eb90}" />
      </MissingDependency>
      <MissingDependency>
        <Required type="26" schemaName="Recent Cases" displayName="Recent Cases" parentSchemaName="incident" parentDisplayName="Case" solution="msdynce_Service (9.0.5.56)" id="{ebd1d24a-eea7-e211-9fb6-00155dd0ea05}" />
        <Dependent type="60" displayName="DCRM: Contact" parentDisplayName="Contact" id="{ad412c80-080a-42df-b305-a244ec50eb90}" />
      </MissingDependency>
      <MissingDependency>
        <Required type="36" displayName="Welcome Email" solution="Active" id="{3d558550-7744-ec11-8c62-0022481ac2e4}" />
        <Dependent type="29" displayName="DCRM: Account - Send Welcome Email" id="{fe46d564-cfe4-463e-95fa-bb75cd7a41d6}" />
      </MissingDependency>
      <MissingDependency>
        <Required type="59" schemaName="Top Customers" displayName="Top Customers" parentSchemaName="opportunity" parentDisplayName="Opportunity" solution="msdynce_Sales (9.0.4.0076)" id="{8bc5fb18-48f2-4782-9e16-3d452fa4ddce}" />
        <Dependent type="60" displayName="DCRM: Contact" parentDisplayName="Contact" id="{ad412c80-080a-42df-b305-a244ec50eb90}" />
      </MissingDependency>
      <MissingDependency>
        <Required type="59" schemaName="Case Mix (By Business Unit)" displayName="Case Mix (By Business Unit)" parentSchemaName="incident" parentDisplayName="Case" solution="msdynce_Service (9.0.5.56)" id="{f10375a6-4893-de11-97d4-00155da3b01e}" />
        <Dependent type="60" displayName="DCRM: Contact" parentDisplayName="Contact" id="{ad412c80-080a-42df-b305-a244ec50eb90}" />
      </MissingDependency>
      <MissingDependency>
        <Required type="59" schemaName="Entitlements Expiration" displayName="Entitlements Expiration" parentSchemaName="entitlement" parentDisplayName="Entitlement" solution="msdynce_Service (9.0.5.56)" id="{fdb919bb-c6fc-4fc8-8fa5-67ace68e41d1}" />
        <Dependent type="60" displayName="DCRM: Contact" parentDisplayName="Contact" id="{ad412c80-080a-42df-b305-a244ec50eb90}" />
      </MissingDependency>
      <MissingDependency>
        <Required type="60" displayName="account contact card" parentDisplayName="Contact" solution="msdynce_AppCommon (9.0.4.0066)" id="{29de27bc-a257-4f29-99cf-bab4a84e688f}" />
        <Dependent type="60" displayName="DCRM: Contact" parentDisplayName="Contact" id="{ad412c80-080a-42df-b305-a244ec50eb90}" />
      </MissingDependency>
      <MissingDependency>
        <Required type="60" displayName="account contact card" parentDisplayName="Contact" solution="msdynce_AppCommon (9.0.4.0066)" id="{29de27bc-a257-4f29-99cf-bab4a84e688f}" />
        <Dependent type="60" displayName="DCRM: Account" parentDisplayName="Legal Entity" id="{e58c3013-5e8b-4b56-a0b3-e0c562753125}" />
      </MissingDependency>
      <MissingDependency>
        <Required type="61" schemaName="msdyn_/Account/Account.Library.js" displayName="msdyn_/Account/Account.Library.js" solution="FieldService (8.8.0.88)" />
        <Dependent type="60" displayName="DCRM: Account" parentDisplayName="Legal Entity" id="{e58c3013-5e8b-4b56-a0b3-e0c562753125}" />
      </MissingDependency>
      <MissingDependency>
        <Required type="61" schemaName="msdyn_/Contact/Contact.Library.js" displayName="msdyn_/Contact/Contact.Library.js" solution="FieldService (8.8.0.88)" />
        <Dependent type="60" displayName="DCRM: Contact" parentDisplayName="Contact" id="{ad412c80-080a-42df-b305-a244ec50eb90}" />
      </MissingDependency>
      <MissingDependency>
        <Required type="61" schemaName="msdyn_talkingpointsloader.js" displayName="msdyn_talkingpointsloader.js" solution="msdynce_Talkingpoints (9.0.1.701524)">
          <package>msdynce_SalesInsightsAnchor (9.0.21103.10005)</package>
        </Required>
        <Dependent type="60" displayName="DCRM: Contact" parentDisplayName="Contact" id="{ad412c80-080a-42df-b305-a244ec50eb90}" />
      </MissingDependency>
      <MissingDependency>
        <Required type="61" schemaName="Sales/ClientCommon/Sales_ClientCommon.js" displayName="Sales/ClientCommon/Sales_ClientCommon.js" solution="msdynce_Sales (9.0.4.0076)" />
        <Dependent type="60" displayName="DCRM: Contact" parentDisplayName="Contact" id="{ad412c80-080a-42df-b305-a244ec50eb90}" />
      </MissingDependency>
      <MissingDependency>
        <Required type="61" schemaName="Sales/Contact/Contact_main_system_library.js" displayName="Sales/Contact/Contact_main_system_library.js" solution="msdynce_SalesPatch201904 (9.0.1912.1007)" />
        <Dependent type="60" displayName="DCRM: Contact" parentDisplayName="Contact" id="{ad412c80-080a-42df-b305-a244ec50eb90}" />
      </MissingDependency>
      <MissingDependency>
        <Required type="66" schemaName="Intelligence.BusinessCardReaderControl.BusinessCardReader" displayName="Intelligence.BusinessCardReaderControl.BusinessCardReader" solution="BaseCustomControlsCore (9.0.2110.4017)" />
        <Dependent type="60" displayName="DCRM: Contact Quick Create" parentDisplayName="Contact" id="{0adbc6bd-918b-43b3-b165-fe719f48790d}" />
      </MissingDependency>
      <MissingDependency>
        <Required type="66" schemaName="Intelligence.BusinessCardReaderControl.BusinessCardReader" displayName="Intelligence.BusinessCardReaderControl.BusinessCardReader" solution="BaseCustomControlsCore (9.0.2110.4017)" />
        <Dependent type="60" displayName="DCRM: Contact" parentDisplayName="Contact" id="{ad412c80-080a-42df-b305-a244ec50eb90}" />
      </MissingDependency>
      <MissingDependency>
        <Required type="66" schemaName="Microsoft.AddressInputUCI" displayName="Microsoft.AddressInputUCI" solution="BaseCustomControlsCore (9.0.2110.4017)" />
        <Dependent type="60" displayName="DCRM: Contact" parentDisplayName="Contact" id="{ad412c80-080a-42df-b305-a244ec50eb90}" />
      </MissingDependency>
      <MissingDependency>
        <Required type="66" schemaName="MscrmControls.CardFeedContainer.CardFeedContainer" displayName="MscrmControls.CardFeedContainer.CardFeedContainer" solution="BaseCustomControlsCore (9.0.2110.4017)" />
        <Dependent type="60" displayName="DCRM: Contact" parentDisplayName="Contact" id="{ad412c80-080a-42df-b305-a244ec50eb90}" />
      </MissingDependency>
      <MissingDependency>
        <Required type="66" schemaName="MscrmControls.CardFeedContainer.CardFeedContainer" displayName="MscrmControls.CardFeedContainer.CardFeedContainer" solution="BaseCustomControlsCore (9.0.2110.4017)" />
        <Dependent type="60" displayName="DCRM: Account" parentDisplayName="Legal Entity" id="{e58c3013-5e8b-4b56-a0b3-e0c562753125}" />
      </MissingDependency>
      <MissingDependency>
        <Required type="66" schemaName="MscrmControls.InputMask.InputMaskControl" displayName="MscrmControls.InputMask.InputMaskControl" solution="CustomControlsCore (9.2.21104.00132)" />
        <Dependent type="60" displayName="Information" parentDisplayName="Assistant" id="{7c2459c7-36a4-4278-8fac-7ab0b297c878}" />
      </MissingDependency>
      <MissingDependency>
        <Required type="66" schemaName="MscrmControls.InputMask.InputMaskControl" displayName="MscrmControls.InputMask.InputMaskControl" solution="CustomControlsCore (9.2.21104.00132)" />
        <Dependent type="60" displayName="DCRM: Account" parentDisplayName="Legal Entity" id="{e58c3013-5e8b-4b56-a0b3-e0c562753125}" />
      </MissingDependency>
      <MissingDependency>
        <Required type="66" schemaName="MscrmControls.TalkingPointsControl.TalkingPoints" displayName="MscrmControls.TalkingPointsControl.TalkingPoints" solution="msdynce_Talkingpoints (9.0.1.701524)">
          <package>msdynce_SalesInsightsAnchor (9.0.21103.10005)</package>
        </Required>
        <Dependent type="60" displayName="DCRM: Contact" parentDisplayName="Contact" id="{ad412c80-080a-42df-b305-a244ec50eb90}" />
      </MissingDependency>
      <MissingDependency>
        <Required type="66" schemaName="msdyn_MscrmControls.TreeView.TreeViewControl" displayName="msdyn_MscrmControls.TreeView.TreeViewControl" solution="msdyn_AssetCommon (1.0.25.1)" />
        <Dependent type="60" displayName="DCRM: Account" parentDisplayName="Legal Entity" id="{e58c3013-5e8b-4b56-a0b3-e0c562753125}" />
      </MissingDependency>
    </MissingDependencies>
  </SolutionManifest>
</ImportExportXml>