<ImportExportXml version="9.2.21104.132" SolutionPackageVersion="9.2" languagecode="1033" generatedBy="CrmLive" xmlns:xsi="http://www.w3.org/2001/XMLSchema-instance">
  <SolutionManifest>
    <UniqueName>DCRMApps</UniqueName>
    <LocalizedNames>
      <LocalizedName description="DCRM: Apps" languagecode="1033" />
    </LocalizedNames>
    <Descriptions />
    <Version>1.0.0.2</Version>
    <Managed>0</Managed>
    <Publisher>
      <UniqueName>dcrmtechassignment</UniqueName>
      <LocalizedNames>
        <LocalizedName description="DCRM Tech Assignment" languagecode="1033" />
      </LocalizedNames>
      <Descriptions />
      <EMailAddress xsi:nil="true"></EMailAddress>
      <SupportingWebsiteUrl xsi:nil="true"></SupportingWebsiteUrl>
      <CustomizationPrefix>dcrm</CustomizationPrefix>
      <CustomizationOptionValuePrefix>27206</CustomizationOptionValuePrefix>
      <Addresses>
        <Address>
          <AddressNumber>1</AddressNumber>
          <AddressTypeCode>1</AddressTypeCode>
          <City xsi:nil="true"></City>
          <County xsi:nil="true"></County>
          <Country xsi:nil="true"></Country>
          <Fax xsi:nil="true"></Fax>
          <FreightTermsCode xsi:nil="true"></FreightTermsCode>
          <ImportSequenceNumber xsi:nil="true"></ImportSequenceNumber>
          <Latitude xsi:nil="true"></Latitude>
          <Line1 xsi:nil="true"></Line1>
          <Line2 xsi:nil="true"></Line2>
          <Line3 xsi:nil="true"></Line3>
          <Longitude xsi:nil="true"></Longitude>
          <Name xsi:nil="true"></Name>
          <PostalCode xsi:nil="true"></PostalCode>
          <PostOfficeBox xsi:nil="true"></PostOfficeBox>
          <PrimaryContactName xsi:nil="true"></PrimaryContactName>
          <ShippingMethodCode>1</ShippingMethodCode>
          <StateOrProvince xsi:nil="true"></StateOrProvince>
          <Telephone1 xsi:nil="true"></Telephone1>
          <Telephone2 xsi:nil="true"></Telephone2>
          <Telephone3 xsi:nil="true"></Telephone3>
          <TimeZoneRuleVersionNumber xsi:nil="true"></TimeZoneRuleVersionNumber>
          <UPSZone xsi:nil="true"></UPSZone>
          <UTCOffset xsi:nil="true"></UTCOffset>
          <UTCConversionTimeZoneCode xsi:nil="true"></UTCConversionTimeZoneCode>
        </Address>
        <Address>
          <AddressNumber>2</AddressNumber>
          <AddressTypeCode>1</AddressTypeCode>
          <City xsi:nil="true"></City>
          <County xsi:nil="true"></County>
          <Country xsi:nil="true"></Country>
          <Fax xsi:nil="true"></Fax>
          <FreightTermsCode xsi:nil="true"></FreightTermsCode>
          <ImportSequenceNumber xsi:nil="true"></ImportSequenceNumber>
          <Latitude xsi:nil="true"></Latitude>
          <Line1 xsi:nil="true"></Line1>
          <Line2 xsi:nil="true"></Line2>
          <Line3 xsi:nil="true"></Line3>
          <Longitude xsi:nil="true"></Longitude>
          <Name xsi:nil="true"></Name>
          <PostalCode xsi:nil="true"></PostalCode>
          <PostOfficeBox xsi:nil="true"></PostOfficeBox>
          <PrimaryContactName xsi:nil="true"></PrimaryContactName>
          <ShippingMethodCode>1</ShippingMethodCode>
          <StateOrProvince xsi:nil="true"></StateOrProvince>
          <Telephone1 xsi:nil="true"></Telephone1>
          <Telephone2 xsi:nil="true"></Telephone2>
          <Telephone3 xsi:nil="true"></Telephone3>
          <TimeZoneRuleVersionNumber xsi:nil="true"></TimeZoneRuleVersionNumber>
          <UPSZone xsi:nil="true"></UPSZone>
          <UTCOffset xsi:nil="true"></UTCOffset>
          <UTCConversionTimeZoneCode xsi:nil="true"></UTCConversionTimeZoneCode>
        </Address>
      </Addresses>
    </Publisher>
    <RootComponents>
      <RootComponent type="62" schemaName="dcrm_dcrmassignment" behavior="0" />
      <RootComponent type="80" schemaName="dcrm_dcrmassignment" behavior="0" />
    </RootComponents>
    <MissingDependencies>
      <MissingDependency>
        <Required type="26" schemaName="All Accounts" displayName="All Accounts" parentSchemaName="account" parentDisplayName="Account" solution="msdynce_AppCommon (9.0.4.0066)" id="{65ffaf9a-e8c5-432d-860b-32f841b00d87}" />
        <Dependent type="80" schemaName="dcrm_dcrmassignment" displayName="DCRM Assignment" />
      </MissingDependency>
      <MissingDependency>
        <Required type="60" displayName="DCRM: Contact Quick Create" parentDisplayName="Contact" solution="Active" id="{0adbc6bd-918b-43b3-b165-fe719f48790d}" />
        <Dependent type="80" schemaName="dcrm_dcrmassignment" displayName="DCRM Assignment" />
      </MissingDependency>
      <MissingDependency>
        <Required type="60" displayName="DCRM: Account Summary Card" parentDisplayName="Account" solution="Active" id="{27bd7e6b-54c5-4653-a60a-22b67e3e64cf}" />
        <Dependent type="80" schemaName="dcrm_dcrmassignment" displayName="DCRM Assignment" />
      </MissingDependency>
      <MissingDependency>
        <Required type="60" displayName="DCRM: Account Quick Create" parentDisplayName="Account" solution="Active" id="{4a94fcd7-1bde-4c6f-9213-24000a3ca769}" />
        <Dependent type="80" schemaName="dcrm_dcrmassignment" displayName="DCRM Assignment" />
      </MissingDependency>
      <MissingDependency>
        <Required type="60" displayName="DCRM: Contact" parentDisplayName="Contact" solution="Active" id="{ad412c80-080a-42df-b305-a244ec50eb90}" />
        <Dependent type="80" schemaName="dcrm_dcrmassignment" displayName="DCRM Assignment" />
      </MissingDependency>
      <MissingDependency>
        <Required type="60" displayName="DCRM: Contact Quick Form" parentDisplayName="Contact" solution="Active" id="{c98612d1-2f57-44d4-b63a-91479e9e901b}" />
        <Dependent type="80" schemaName="dcrm_dcrmassignment" displayName="DCRM Assignment" />
      </MissingDependency>
      <MissingDependency>
        <Required type="60" displayName="DCRM: Account" parentDisplayName="Account" solution="Active" id="{e58c3013-5e8b-4b56-a0b3-e0c562753125}" />
        <Dependent type="80" schemaName="dcrm_dcrmassignment" displayName="DCRM Assignment" />
      </MissingDependency>
      <MissingDependency>
        <Required type="61" schemaName="msdyn_/Images/AppModule_Default_Icon.png" displayName="msdyn_/Images/AppModule_Default_Icon.png" solution="AppModuleWebResources (2.5)" />
        <Dependent type="80" schemaName="dcrm_dcrmassignment" displayName="DCRM Assignment" />
      </MissingDependency>
    </MissingDependencies>
  </SolutionManifest>
</ImportExportXml>