{"properties":{"connectionReferences":{"shared_commondataserviceforapps":{"impersonation":{},"runtimeSource":"embedded","connection":{},"api":{"name":"shared_commondataserviceforapps"}},"shared_office365":{"runtimeSource":"embedded","connection":{},"api":{"name":"shared_office365"}}},"definition":{"$schema":"https://schema.management.azure.com/providers/Microsoft.Logic/schemas/2016-06-01/workflowdefinition.json#","contentVersion":"1.0.0.0","parameters":{"$connections":{"defaultValue":{},"type":"Object"},"$authentication":{"defaultValue":{},"type":"SecureObject"}},"triggers":{"Recurrence":{"recurrence":{"frequency":"Day","interval":1,"startTime":"2021-11-12T04:30:00Z"},"metadata":{"operationMetadataId":"2ad089b3-5c93-4419-8f17-4feb9b2ea7bd"},"type":"Recurrence"}},"actions":{"Try":{"actions":{"HTTP_GET_Exchange_Rate":{"runAfter":{},"metadata":{"operationMetadataId":"9c136bcb-6c93-4988-8a60-4724ab906966"},"type":"Http","inputs":{"method":"GET","uri":"http://api.exchangeratesapi.io/v1/latest?access_key=c8ec6c255c53efd01923b05d68c84957"},"description":"We are calling Exchange rate API to get the latest exchange rate."},"Get_Currencies":{"runAfter":{"HTTP_GET_Exchange_Rate":["Succeeded"]},"metadata":{"operationMetadataId":"623855fb-d400-4ef3-abda-d97e68bcc1e0"},"type":"OpenApiConnection","inputs":{"host":{"apiId":"/providers/Microsoft.PowerApps/apis/shared_commondataserviceforapps","connectionName":"shared_commondataserviceforapps","operationId":"ListRecords"},"parameters":{"entityName":"transactioncurrencies","$filter":"isocurrencycode ne 'GBP' and statecode eq 0"},"authentication":"@parameters('$authentication')"},"description":"Filter : isocurrencycode ne 'GBP' and statecode eq 0"},"Apply_to_each":{"foreach":"@outputs('Get_Currencies')?['body/value']","actions":{"Update_Exchange_Rate_":{"runAfter":{},"metadata":{"operationMetadataId":"71a439dc-295a-4e7b-b25b-4484a1315083"},"type":"OpenApiConnection","inputs":{"host":{"apiId":"/providers/Microsoft.PowerApps/apis/shared_commondataserviceforapps","connectionName":"shared_commondataserviceforapps","operationId":"UpdateRecord"},"parameters":{"entityName":"transactioncurrencies","recordId":"@items('Apply_to_each')?['transactioncurrencyid']","item/exchangerate":"@body('HTTP_GET_Exchange_Rate')?['rates']?[items('Apply_to_each')?['isocurrencycode']]"},"authentication":"@parameters('$authentication')"},"description":"Exchange Rate -body('HTTP_GET_Exchange_Rate')?['rates']?[items('Apply_to_each')?['isocurrencycode']]"}},"runAfter":{"Get_Currencies":["Succeeded"]},"metadata":{"operationMetadataId":"0e6f1fe2-3087-4d53-a371-181add21d087"},"type":"Foreach"}},"runAfter":{},"metadata":{"operationMetadataId":"a646c452-46ef-4239-8914-2e1047f987c4"},"type":"Scope"},"Catch":{"actions":{"Send_an_email_(V2)":{"runAfter":{},"metadata":{"operationMetadataId":"2f5d8ca9-423f-4952-a571-ae64ede94933"},"type":"OpenApiConnection","inputs":{"host":{"apiId":"/providers/Microsoft.PowerApps/apis/shared_office365","connectionName":"shared_office365","operationId":"SendEmailV2"},"parameters":{"emailMessage/To":"systemadmin@CapitalTechAssignment.onmicrosoft.com","emailMessage/Subject":"Currency exchnage rate process has some error ","emailMessage/Body":"<p>Dear Admin,<br>\n<br>\nThe &nbsp;currency exchange rate updation process is failed. <br>\nKindly check the error message.<br>\n<br>\nRegards,<br>\n</p>"},"authentication":"@parameters('$authentication')"}}},"runAfter":{"Try":["Failed"]},"metadata":{"operationMetadataId":"970ff597-63a0-4ea3-89d2-e019b95826a5"},"type":"Scope"}}}},"schemaVersion":"1.0.0.0"}