{"properties":{"connectionReferences":{"shared_commondataserviceforapps":{"runtimeSource":"embedded","connection":{"connectionReferenceLogicalName":"dcrm_sharedcommondataserviceforapps_1bc4d"},"api":{"name":"shared_commondataserviceforapps"}},"shared_office365":{"runtimeSource":"embedded","connection":{"connectionReferenceLogicalName":"dcrm_sharedoffice365_e60f1"},"api":{"name":"shared_office365"}}},"definition":{"$schema":"https://schema.management.azure.com/providers/Microsoft.Logic/schemas/2016-06-01/workflowdefinition.json#","contentVersion":"1.0.0.0","parameters":{"$connections":{"defaultValue":{},"type":"Object"},"$authentication":{"defaultValue":{},"type":"SecureObject"}},"triggers":{"When_a_row_is_added,_modified_or_deleted":{"metadata":{"operationMetadataId":"e3f8d386-c92d-4b6d-bcde-ced29f3b52e7"},"type":"OpenApiConnectionWebhook","inputs":{"host":{"connectionName":"shared_commondataserviceforapps","operationId":"SubscribeWebhookTrigger","apiId":"/providers/Microsoft.PowerApps/apis/shared_commondataserviceforapps"},"parameters":{"subscriptionRequest/message":1,"subscriptionRequest/entityname":"account","subscriptionRequest/scope":4},"authentication":"@parameters('$authentication')"}}},"actions":{"List_rows":{"runAfter":{},"metadata":{"operationMetadataId":"41df5072-e8cb-4a9d-8f55-31e2197c282b"},"type":"OpenApiConnection","inputs":{"host":{"connectionName":"shared_commondataserviceforapps","operationId":"ListRecords","apiId":"/providers/Microsoft.PowerApps/apis/shared_commondataserviceforapps"},"parameters":{"entityName":"templates","$filter":"title eq 'Thank you for registering with us'"},"authentication":"@parameters('$authentication')"}},"Apply_to_each":{"foreach":"@outputs('List_rows')?['body/value']","actions":{"Compose":{"runAfter":{},"metadata":{"operationMetadataId":"9b10f196-3491-4187-8b1e-674d8a92c04f"},"type":"Compose","inputs":"@items('Apply_to_each')?['body']"},"Send_an_email_(V2)":{"runAfter":{"Compose":["Succeeded"]},"metadata":{"operationMetadataId":"83b7cdd7-c467-428e-b4eb-57286eb5d3f0"},"type":"OpenApiConnection","inputs":{"host":{"connectionName":"shared_office365","operationId":"SendEmailV2","apiId":"/providers/Microsoft.PowerApps/apis/shared_office365"},"parameters":{"emailMessage/To":"@triggerOutputs()?['body/emailaddress1']","emailMessage/Subject":"Welcome  @{triggerOutputs()?['body/name']}","emailMessage/Body":"<p>Dear @{triggerOutputs()?['body/name']},<br>\n@{outputs('Compose')}</p>"},"authentication":"@parameters('$authentication')"}}},"runAfter":{"List_rows":["Succeeded"]},"metadata":{"operationMetadataId":"b47576df-57dc-417d-8452-017e601879cc"},"type":"Foreach"}},"outputs":{}}},"schemaVersion":"1.0.0.0"}